source_id	pdf_page	printed_page	block_count	block_ids	content_kinds	transcription_status
SRC-BOOK-04	1	113	3	L4-BOOK-04-01-01|L4-BOOK-04-01-02|L4-BOOK-04-01-03	introduction|exercise	visual_and_native_source_transcription_model_checked
SRC-BOOK-04	2	114	4	L4-BOOK-04-02-01|L4-BOOK-04-02-02|L4-BOOK-04-02-03|L4-BOOK-04-02-04	dialogue_context|visual|function|dialogue	visual_and_native_source_transcription_model_checked
SRC-BOOK-04	3	115	3	L4-BOOK-04-03-01|L4-BOOK-04-03-03|L4-BOOK-04-03-02	function|dialogue|vocabulary_list	visual_and_native_source_transcription_model_checked
SRC-BOOK-04	4	116	3	L4-BOOK-04-04-03|L4-BOOK-04-04-01|L4-BOOK-04-04-02	vocabulary_list|note	visual_and_native_source_transcription_model_checked
SRC-BOOK-04	5	117	7	L4-BOOK-04-05-01|L4-BOOK-04-05-02|L4-BOOK-04-05-03|L4-BOOK-04-05-04|L4-BOOK-04-05-05|L4-BOOK-04-05-06|L4-BOOK-04-05-07	note|dialogue_context|visual|function|dialogue	visual_and_native_source_transcription_model_checked
SRC-BOOK-04	6	118	2	L4-BOOK-04-06-01|L4-BOOK-04-06-02	function|dialogue	visual_and_native_source_transcription_model_checked
SRC-BOOK-04	7	119	2	L4-BOOK-04-07-02|L4-BOOK-04-07-01	vocabulary_list|note	visual_and_native_source_transcription_model_checked
SRC-BOOK-04	8	120	3	L4-BOOK-04-08-01|L4-BOOK-04-08-02|L4-BOOK-04-08-03	note|examples|table	visual_and_native_source_transcription_model_checked
SRC-BOOK-04	9	121	6	L4-BOOK-04-09-01|L4-BOOK-04-09-02|L4-BOOK-04-09-03|L4-BOOK-04-09-04|L4-BOOK-04-09-05|L4-BOOK-04-09-06	grammar|examples|exercise|table	visual_and_native_source_transcription_model_checked
SRC-BOOK-04	10	122	6	L4-BOOK-04-10-01|L4-BOOK-04-10-02|L4-BOOK-04-10-03|L4-BOOK-04-10-04|L4-BOOK-04-10-05|L4-BOOK-04-10-06	exercise|grammar|table|note	visual_and_native_source_transcription_model_checked
SRC-BOOK-04	11	123	5	L4-BOOK-04-11-01|L4-BOOK-04-11-02|L4-BOOK-04-11-03|L4-BOOK-04-11-04|L4-BOOK-04-11-05	note|exercise|grammar|table	visual_and_native_source_transcription_model_checked
SRC-BOOK-04	12	124	6	L4-BOOK-04-12-01|L4-BOOK-04-12-02|L4-BOOK-04-12-03|L4-BOOK-04-12-04|L4-BOOK-04-12-05|L4-BOOK-04-12-06	table|grammar|examples|exercise	visual_and_native_source_transcription_model_checked
SRC-BOOK-04	13	125	3	L4-BOOK-04-13-01|L4-BOOK-04-13-02|L4-BOOK-04-13-03	exercise|grammar|table	visual_and_native_source_transcription_model_checked
SRC-BOOK-04	14	126	4	L4-BOOK-04-14-01|L4-BOOK-04-14-02|L4-BOOK-04-14-03|L4-BOOK-04-14-04	exercise|grammar|examples	visual_and_native_source_transcription_model_checked
SRC-BOOK-04	15	127	2	L4-BOOK-04-15-01|L4-BOOK-04-15-02	exercise	visual_and_native_source_transcription_model_checked
SRC-BOOK-04	16	128	3	L4-BOOK-04-16-02|L4-BOOK-04-16-03|L4-BOOK-04-16-01	section|vocabulary_list|exercise	visual_and_native_source_transcription_model_checked
SRC-BOOK-04	17	129	4	L4-BOOK-04-17-01|L4-BOOK-04-17-02|L4-BOOK-04-17-03|L4-BOOK-04-17-04	section|table|exercise	visual_and_native_source_transcription_model_checked
SRC-BOOK-04	18	130	2	L4-BOOK-04-18-01|L4-BOOK-04-18-02	exercise	visual_and_native_source_transcription_model_checked
SRC-BOOK-04	19	131	3	L4-BOOK-04-19-01|L4-BOOK-04-19-02|L4-BOOK-04-19-03	exercise|reading	visual_and_native_source_transcription_model_checked
SRC-BOOK-04	20	132	5	L4-BOOK-04-20-01|L4-BOOK-04-20-02|L4-BOOK-04-20-03|L4-BOOK-04-20-04|L4-BOOK-04-20-05	reading|exercise|table	visual_and_native_source_transcription_model_checked
SRC-BOOK-04	21	133	4	L4-BOOK-04-21-01|L4-BOOK-04-21-02|L4-BOOK-04-21-03|L4-BOOK-04-21-04	table|exercise|writing_model|hanzi_structure	visual_and_native_source_transcription_model_checked
SRC-BOOK-04	22	134	4	L4-BOOK-04-22-01|L4-BOOK-04-22-02|L4-BOOK-04-22-03|L4-BOOK-04-22-04	hanzi_structure|table|writing_targets|visual	visual_and_native_source_transcription_model_checked
SRC-BOOK-04	23	135	3	L4-BOOK-04-23-01|L4-BOOK-04-23-02|L4-BOOK-04-23-03	writing_targets|visual	visual_and_native_source_transcription_model_checked
SRC-BOOK-04	24	136	3	L4-BOOK-04-24-01|L4-BOOK-04-24-02|L4-BOOK-04-24-03	writing_targets|culture|visual	visual_and_native_source_transcription_model_checked
SRC-BOOK-04	25	137	2	L4-BOOK-04-25-01|L4-BOOK-04-25-02	exercise	visual_and_native_source_transcription_model_checked
SRC-HANZI-04-1	1		1	L4-HANZI-04-1-01-01	worksheet	visual_and_native_source_transcription_model_checked
SRC-HANZI-04-1	2		1	L4-HANZI-04-1-02-01	worksheet	visual_and_native_source_transcription_model_checked
SRC-HANZI-04-1	3		1	L4-HANZI-04-1-03-01	worksheet	visual_and_native_source_transcription_model_checked
SRC-HANZI-04-1	4		1	L4-HANZI-04-1-04-01	worksheet	visual_and_native_source_transcription_model_checked
SRC-HANZI-04-2	1		1	L4-HANZI-04-2-01-01	worksheet	visual_and_native_source_transcription_model_checked
SRC-HANZI-04-2	2		1	L4-HANZI-04-2-02-01	worksheet	visual_and_native_source_transcription_model_checked
SRC-HANZI-04-2	3		1	L4-HANZI-04-2-03-01	worksheet	visual_and_native_source_transcription_model_checked
SRC-HANZI-04-2	4		1	L4-HANZI-04-2-04-01	worksheet	visual_and_native_source_transcription_model_checked
SRC-PPT-04-1	1		1	L4-PPT-04-1-01-01	section	visual_and_native_source_transcription_model_checked
SRC-PPT-04-1	2		2	L4-PPT-04-1-02-01|L4-PPT-04-1-02-02	examples|visual	visual_and_native_source_transcription_model_checked
SRC-PPT-04-1	3		2	L4-PPT-04-1-03-01|L4-PPT-04-1-03-02	exercise|visual	visual_and_native_source_transcription_model_checked
SRC-PPT-04-1	4		2	L4-PPT-04-1-04-01|L4-PPT-04-1-04-02	examples|visual	visual_and_native_source_transcription_model_checked
SRC-PPT-04-1	5		2	L4-PPT-04-1-05-01|L4-PPT-04-1-05-02	examples|visual	visual_and_native_source_transcription_model_checked
SRC-PPT-04-1	6		2	L4-PPT-04-1-06-01|L4-PPT-04-1-06-02	examples|visual	visual_and_native_source_transcription_model_checked
SRC-PPT-04-1	7		2	L4-PPT-04-1-07-01|L4-PPT-04-1-07-02	examples|visual	visual_and_native_source_transcription_model_checked
SRC-PPT-04-1	8		2	L4-PPT-04-1-08-01|L4-PPT-04-1-08-02	table|grammar	visual_and_native_source_transcription_model_checked
SRC-PPT-04-1	9		2	L4-PPT-04-1-09-01|L4-PPT-04-1-09-02	table|grammar	visual_and_native_source_transcription_model_checked
SRC-PPT-04-1	10		3	L4-PPT-04-1-10-01|L4-PPT-04-1-10-02|L4-PPT-04-1-10-03	vocabulary_list|examples|visual	visual_and_native_source_transcription_model_checked
SRC-PPT-04-1	11		2	L4-PPT-04-1-11-01|L4-PPT-04-1-11-02	vocabulary_list|table	visual_and_native_source_transcription_model_checked
SRC-PPT-04-1	12		2	L4-PPT-04-1-12-01|L4-PPT-04-1-12-02	exercise|visual	visual_and_native_source_transcription_model_checked
SRC-PPT-04-1	13		1	L4-PPT-04-1-13-01	table	visual_and_native_source_transcription_model_checked
SRC-PPT-04-1	14		3	L4-PPT-04-1-14-01|L4-PPT-04-1-14-02|L4-PPT-04-1-14-03	examples|vocabulary_list|visual	visual_and_native_source_transcription_model_checked
SRC-PPT-04-1	15		2	L4-PPT-04-1-15-01|L4-PPT-04-1-15-02	examples|table	visual_and_native_source_transcription_model_checked
SRC-PPT-04-1	16		2	L4-PPT-04-1-16-01|L4-PPT-04-1-16-02	exercise|visual	visual_and_native_source_transcription_model_checked
SRC-PPT-04-1	17		1	L4-PPT-04-1-17-01	table	visual_and_native_source_transcription_model_checked
SRC-PPT-04-1	18		1	L4-PPT-04-1-18-01	writing_model	visual_and_native_source_transcription_model_checked
SRC-PPT-04-1	19		1	L4-PPT-04-1-19-01	vocabulary_list	visual_and_native_source_transcription_model_checked
SRC-PPT-04-1	20		1	L4-PPT-04-1-20-01	vocabulary_list	visual_and_native_source_transcription_model_checked
SRC-PPT-04-1	21		1	L4-PPT-04-1-21-01	vocabulary_list	visual_and_native_source_transcription_model_checked
SRC-PPT-04-1	22		3	L4-PPT-04-1-22-01|L4-PPT-04-1-22-02|L4-PPT-04-1-22-03	vocabulary_list|visual	visual_and_native_source_transcription_model_checked
SRC-PPT-04-1	23		3	L4-PPT-04-1-23-01|L4-PPT-04-1-23-02|L4-PPT-04-1-23-03	vocabulary_list|visual|table	visual_and_native_source_transcription_model_checked
SRC-PPT-04-1	24		2	L4-PPT-04-1-24-01|L4-PPT-04-1-24-02	vocabulary_list|examples	visual_and_native_source_transcription_model_checked
SRC-PPT-04-1	25		4	L4-PPT-04-1-25-01|L4-PPT-04-1-25-02|L4-PPT-04-1-25-03|L4-PPT-04-1-25-04	vocabulary_list|grammar|examples|visual	visual_and_native_source_transcription_model_checked
SRC-PPT-04-1	26		4	L4-PPT-04-1-26-01|L4-PPT-04-1-26-02|L4-PPT-04-1-26-03|L4-PPT-04-1-26-04	vocabulary_list|examples|radical_note|visual	visual_and_native_source_transcription_model_checked
SRC-PPT-04-1	27		3	L4-PPT-04-1-27-01|L4-PPT-04-1-27-02|L4-PPT-04-1-27-03	vocabulary_list|examples|visual	visual_and_native_source_transcription_model_checked
SRC-PPT-04-1	28		2	L4-PPT-04-1-28-01|L4-PPT-04-1-28-02	vocabulary_list|examples	visual_and_native_source_transcription_model_checked
SRC-PPT-04-1	29		2	L4-PPT-04-1-29-01|L4-PPT-04-1-29-02	vocabulary_list|examples	visual_and_native_source_transcription_model_checked
SRC-PPT-04-1	30		2	L4-PPT-04-1-30-01|L4-PPT-04-1-30-02	vocabulary_list|visual	visual_and_native_source_transcription_model_checked
SRC-PPT-04-1	31		2	L4-PPT-04-1-31-01|L4-PPT-04-1-31-02	vocabulary_list|examples	visual_and_native_source_transcription_model_checked
SRC-PPT-04-1	32		2	L4-PPT-04-1-32-01|L4-PPT-04-1-32-02	vocabulary_list|examples	visual_and_native_source_transcription_model_checked
SRC-PPT-04-1	33		3	L4-PPT-04-1-33-01|L4-PPT-04-1-33-02|L4-PPT-04-1-33-03	vocabulary_list|examples|visual	visual_and_native_source_transcription_model_checked
SRC-PPT-04-1	34		1	L4-PPT-04-1-34-01	exercise	visual_and_native_source_transcription_model_checked
SRC-PPT-04-1	35		4	L4-PPT-04-1-35-01|L4-PPT-04-1-35-02|L4-PPT-04-1-35-03|L4-PPT-04-1-35-04	vocabulary_list|grammar|examples|visual	visual_and_native_source_transcription_model_checked
SRC-PPT-04-1	36		3	L4-PPT-04-1-36-01|L4-PPT-04-1-36-02|L4-PPT-04-1-36-03	vocabulary_list|examples|visual	visual_and_native_source_transcription_model_checked
SRC-PPT-04-1	37		4	L4-PPT-04-1-37-01|L4-PPT-04-1-37-02|L4-PPT-04-1-37-03|L4-PPT-04-1-37-04	vocabulary_list|examples|grammar	visual_and_native_source_transcription_model_checked
SRC-PPT-04-1	38		2	L4-PPT-04-1-38-01|L4-PPT-04-1-38-02	section|visual	visual_and_native_source_transcription_model_checked
SRC-PPT-04-1	39		1	L4-PPT-04-1-39-01	exercise	visual_and_native_source_transcription_model_checked
SRC-PPT-04-1	40		2	L4-PPT-04-1-40-01|L4-PPT-04-1-40-02	section|dialogue	visual_and_native_source_transcription_model_checked
SRC-PPT-04-1	41		3	L4-PPT-04-1-41-01|L4-PPT-04-1-41-02|L4-PPT-04-1-41-03	note|dialogue	visual_and_native_source_transcription_model_checked
SRC-PPT-04-1	42		2	L4-PPT-04-1-42-01|L4-PPT-04-1-42-02	exercise|visual	visual_and_native_source_transcription_model_checked
SRC-PPT-04-1	43		2	L4-PPT-04-1-43-01|L4-PPT-04-1-43-02	exercise|visual	visual_and_native_source_transcription_model_checked
SRC-PPT-04-2	1		1	L4-PPT-04-2-01-01	section	visual_and_native_source_transcription_model_checked
SRC-PPT-04-2	2		1	L4-PPT-04-2-02-01	vocabulary_list	visual_and_native_source_transcription_model_checked
SRC-PPT-04-2	3		1	L4-PPT-04-2-03-01	vocabulary_list	visual_and_native_source_transcription_model_checked
SRC-PPT-04-2	4		1	L4-PPT-04-2-04-01	vocabulary_list	visual_and_native_source_transcription_model_checked
SRC-PPT-04-2	5		3	L4-PPT-04-2-05-01|L4-PPT-04-2-05-02|L4-PPT-04-2-05-03	vocabulary_list|examples|visual	visual_and_native_source_transcription_model_checked
SRC-PPT-04-2	6		2	L4-PPT-04-2-06-01|L4-PPT-04-2-06-02	vocabulary_list|examples	visual_and_native_source_transcription_model_checked
SRC-PPT-04-2	7		2	L4-PPT-04-2-07-01|L4-PPT-04-2-07-02	vocabulary_list|examples	visual_and_native_source_transcription_model_checked
SRC-PPT-04-2	8		3	L4-PPT-04-2-08-01|L4-PPT-04-2-08-02|L4-PPT-04-2-08-03	vocabulary_list|examples	visual_and_native_source_transcription_model_checked
SRC-PPT-04-2	9		4	L4-PPT-04-2-09-01|L4-PPT-04-2-09-02|L4-PPT-04-2-09-03|L4-PPT-04-2-09-04	vocabulary_list|grammar|examples|visual	visual_and_native_source_transcription_model_checked
SRC-PPT-04-2	10		3	L4-PPT-04-2-10-01|L4-PPT-04-2-10-02|L4-PPT-04-2-10-03	vocabulary_list|examples	visual_and_native_source_transcription_model_checked
SRC-PPT-04-2	11		2	L4-PPT-04-2-11-01|L4-PPT-04-2-11-02	vocabulary_list|examples	visual_and_native_source_transcription_model_checked
SRC-PPT-04-2	12		1	L4-PPT-04-2-12-01	table	visual_and_native_source_transcription_model_checked
SRC-PPT-04-2	13		2	L4-PPT-04-2-13-01|L4-PPT-04-2-13-02	examples|vocabulary_list	visual_and_native_source_transcription_model_checked
SRC-PPT-04-2	14		3	L4-PPT-04-2-14-01|L4-PPT-04-2-14-02|L4-PPT-04-2-14-03	vocabulary_list|grammar|examples	visual_and_native_source_transcription_model_checked
SRC-PPT-04-2	15		3	L4-PPT-04-2-15-01|L4-PPT-04-2-15-02|L4-PPT-04-2-15-03	vocabulary_list|examples|visual	visual_and_native_source_transcription_model_checked
SRC-PPT-04-2	16		3	L4-PPT-04-2-16-01|L4-PPT-04-2-16-02|L4-PPT-04-2-16-03	vocabulary_list|examples|visual	visual_and_native_source_transcription_model_checked
SRC-PPT-04-2	17		2	L4-PPT-04-2-17-01|L4-PPT-04-2-17-02	table|visual	visual_and_native_source_transcription_model_checked
SRC-PPT-04-2	18		2	L4-PPT-04-2-18-01|L4-PPT-04-2-18-02	vocabulary_list|examples	visual_and_native_source_transcription_model_checked
SRC-PPT-04-2	19		3	L4-PPT-04-2-19-01|L4-PPT-04-2-19-02|L4-PPT-04-2-19-03	vocabulary_list|examples|visual	visual_and_native_source_transcription_model_checked
SRC-PPT-04-2	20		2	L4-PPT-04-2-20-01|L4-PPT-04-2-20-02	culture|table	visual_and_native_source_transcription_model_checked
SRC-PPT-04-2	21		3	L4-PPT-04-2-21-01|L4-PPT-04-2-21-02|L4-PPT-04-2-21-03	grammar|examples|table	visual_and_native_source_transcription_model_checked
SRC-PPT-04-2	22		2	L4-PPT-04-2-22-01|L4-PPT-04-2-22-02	vocabulary_list|examples	visual_and_native_source_transcription_model_checked
SRC-PPT-04-2	23		2	L4-PPT-04-2-23-01|L4-PPT-04-2-23-02	examples|visual	visual_and_native_source_transcription_model_checked
SRC-PPT-04-2	24		1	L4-PPT-04-2-24-01	vocabulary_review	visual_and_native_source_transcription_model_checked
SRC-PPT-04-2	25		1	L4-PPT-04-2-25-01	exercise	visual_and_native_source_transcription_model_checked
SRC-PPT-04-2	26		2	L4-PPT-04-2-26-01|L4-PPT-04-2-26-02	section|visual	visual_and_native_source_transcription_model_checked
SRC-PPT-04-2	27		2	L4-PPT-04-2-27-01|L4-PPT-04-2-27-02	section|dialogue	visual_and_native_source_transcription_model_checked
SRC-PPT-04-2	28		2	L4-PPT-04-2-28-01|L4-PPT-04-2-28-02	section|dialogue	visual_and_native_source_transcription_model_checked
SRC-PPT-04-2	29		2	L4-PPT-04-2-29-01|L4-PPT-04-2-29-02	section|dialogue	visual_and_native_source_transcription_model_checked
SRC-PPT-04-2	30		1	L4-PPT-04-2-30-01	exercise	visual_and_native_source_transcription_model_checked
SRC-PPT-04-2	31		2	L4-PPT-04-2-31-01|L4-PPT-04-2-31-02	exercise|visual	visual_and_native_source_transcription_model_checked
SRC-PPT-04-2	32		1	L4-PPT-04-2-32-01	reading	visual_and_native_source_transcription_model_checked
SRC-PPT-04-2	33		1	L4-PPT-04-2-33-01	reading	visual_and_native_source_transcription_model_checked
SRC-PPT-04-2	34		1	L4-PPT-04-2-34-01	exercise	visual_and_native_source_transcription_model_checked
SRC-WB-04	1	29	3	L4-WB-04-01-01|L4-WB-04-01-02|L4-WB-04-01-03	section|exercise	visual_and_native_source_transcription_model_checked
SRC-WB-04	2	30	4	L4-WB-04-02-01|L4-WB-04-02-02|L4-WB-04-02-03|L4-WB-04-02-04	exercise|table	visual_and_native_source_transcription_model_checked
SRC-WB-04	3	31	3	L4-WB-04-03-01|L4-WB-04-03-02|L4-WB-04-03-03	exercise|writing_targets	visual_and_native_source_transcription_model_checked
SRC-WB-04	4	32	3	L4-WB-04-04-01|L4-WB-04-04-02|L4-WB-04-04-03	exercise	visual_and_native_source_transcription_model_checked
SRC-WB-04	5	33	3	L4-WB-04-05-01|L4-WB-04-05-02|L4-WB-04-05-03	exercise	visual_and_native_source_transcription_model_checked
SRC-WB-04	6	34	3	L4-WB-04-06-01|L4-WB-04-06-02|L4-WB-04-06-03	exercise	visual_and_native_source_transcription_model_checked
SRC-WB-04	7	35	3	L4-WB-04-07-01|L4-WB-04-07-02|L4-WB-04-07-03	table|exercise	visual_and_native_source_transcription_model_checked
SRC-WB-04	8	36	2	L4-WB-04-08-01|L4-WB-04-08-02	exercise	visual_and_native_source_transcription_model_checked
SRC-WB-04	9	37	3	L4-WB-04-09-01|L4-WB-04-09-02|L4-WB-04-09-03	reading|exercise	visual_and_native_source_transcription_model_checked
SRC-WB-04	10	38	4	L4-WB-04-10-01|L4-WB-04-10-02|L4-WB-04-10-03|L4-WB-04-10-04	exercise|table|visual	visual_and_native_source_transcription_model_checked
SRC-WB-04	11	39	4	L4-WB-04-11-01|L4-WB-04-11-02|L4-WB-04-11-03|L4-WB-04-11-04	exercise|visual|writing_model	visual_and_native_source_transcription_model_checked
