list_id	pdf_page	printed_page	number	subentry	parent_hanzi	hanzi	pinyin_source	pos_source	spanish_source	collocations_source
L4-T1	3	115	1	0		明天	míngtiān	S	mañana	明天早上|明天晚上
L4-T1	3	115	2	0		多	duō	Adj./Adv.	mucho; más	很多课|很多人
L4-T1	3	115	3	0		特别	tèbié	Adv.	especialmente	特别多|特别忙
L4-T1	3	115	4	0		点（钟）	diǎn (zhōng)	Clas.	en punto	九点（钟）|两点（钟）
L4-T1	3	115	5	0		上午	shàngwǔ	S	mañana; antes del mediodía	今天上午|明天上午
L4-T1	3	115	5	1	上午	上	shàng	S	arriba; precedente; anterior	
L4-T1	3	115	6	0		半	bàn	Num.	mitad	八点半|半个
L4-T1	3	115	7	0		语法	yǔfǎ	S	gramática	学习语法|语法课
L4-T1	3	115	8	0		汉字	Hànzì	S	carácter chino	学习汉字|汉字课
L4-T1	3	115	9	0		下午	xiàwǔ	S	tarde	今天下午|明天下午|下午没有课
L4-T1	3	115	9	1	下午	下	xià	S	abajo; siguiente; último	
L4-T1	3	115	10	0		刻	kè	Clas.	cuarto (de una hora)	两点一刻|七点三刻
L4-T1	3	115	11	0		口语	kǒuyǔ	S	idioma hablado	汉语口语|口语课
L4-T1	3	115	12	0		累	lèi	Adj.	cansado; agotado	很累|真累|特别累
L4-T1	4	116	13	0		对了	duìle	V	(expresión usada para cambiar el tema de una conversación o para recordar al oyente un tema nuevo) a propósito; bueno, sí	
L4-T1	4	116	13	1	对了	对	duì	Adj.	sí; correcto	
L4-T1	4	116	14	0		时间	shíjiān	S	tiempo	有时间|没有时间|有没有时间
L4-T1	4	116	15	0		电影	diànyǐng	S	película	看电影
L4-T1	4	116	16	0		一起	yìqǐ	Adv.	juntos	一起学习|一起工作|一起看电影
L4-T1	4	116	17	0		去	qù	V	ir	一起去|去上海|刚去美国|去他们家
L4-T1	4	116	18	0		吧	ba	Pt.m.	partícula modal usada al final de una oración para indicar consulta, sugerencia, solicitud, etc.	一起去吧|坐吧
L4-T1	4	116	19	0		恐怕	kǒngpà	Adv.	(indicando una estimación) Me temo que...	
L4-T1	4	116	20	0		行	xíng	V	estar bien	不行
L4-T1	4	116	21	0		练习	liànxí	V/S	practicar/ejercicio	练习口语|练习汉字|做练习
L4-T2	7	119	1	0		现在	xiànzài	S	ahora	现在几点|现在去
L4-T2	7	119	2	0		差	chà	V	faltar; carecer	
L4-T2	7	119	3	0		分	fēn	Clas.	minuto	差五分八点|十点十分
L4-T2	7	119	4	0		回	huí	V	regresar	回家|回国
L4-T2	7	119	5	0		学校	xuéxiào	S	escuela	回学校|我们学校
L4-T2	7	119	6	0		班	bān	S	clase	我们班|你们班
L4-T2	7	119	7	0		活动	huódòng	S	actividad; evento	有活动|我们班的活动
L4-T2	7	119	8	0		听说	tīngshuō	V	se dice; escuchar; enterarse	刚听说|听说这个电影很好
L4-T2	7	119	8	1	听说	听	tīng	V	escuchar	听汉语|练习听
L4-T2	7	119	8	2	听说	说	shuō	V	decir; hablar	说汉语|不说英语
L4-T2	7	119	9	0		女生	nǚshēng	S	estudiante femenina	六个女生|女生多|你们班的女生
L4-T2	7	119	10	0		男生	nánshēng	S	estudiante masculino	十二个男生|男生多|我们班的男生
L4-T2	7	119	10	1	男生	男	nán	Adj.	masculino	男老师|男孩子
L4-T2	7	119	11	0		少	shǎo	Adj.	poco	很少|不少|男生少
L4-T2	7	119	12	0		只	zhǐ	Adv.	solo	只有一个人|只说汉语|只喜欢妈妈
L4-T2	7	119	13	0		多少	duōshao	Pr.int.	cuánto	多少人|多少个汉字|多少张照片
L4-T2	7	119	14	0		有意思	yǒu yìsi		interesante	很有意思|没有意思
L4-T2	7	119	14	1	有意思	意思	yìsi	S	significado	这个汉字的意思|什么意思
L4-T2	7	119	15	0		学生	xuéshēng	S	estudiante	中国学生|很多学生|女学生
L4-T2	7	119	16	0		来	lái	V	venir	来中国|刚来北京|来学校|明天晚上来
L4-T2	7	119	17	0		专业	zhuānyè	S	especialidad (asignatura)	什么专业|汉语专业|多少个专业
L4-T2	7	119	18	0		主意	zhǔyi	S	idea	好主意|有一个主意
L4-SUP	16	128	1	0		起床	qǐchuáng	VO	levantarse	几点起床
L4-SUP	16	128	2	0		早饭	zǎofàn	S	desayuno	吃早饭|做早饭
L4-SUP	16	128	3	0		午饭	wǔfàn	S	almuerzo	吃午饭|做午饭
L4-SUP	16	128	4	0		运动	yùndòng	S/V	deportes; ejercicio/hacer ejercicio físico	喜欢运动|做运动
L4-SUP	16	128	5	0		打球	dǎ qiú		jugar a la pelota	去打球|喜欢打球
L4-SUP	16	128	6	0		跑步	pǎobù	VO	correr; trotar	去跑步|喜欢跑步
L4-SUP	16	128	7	0		电视	diànshì	S	televisión; TV	看电视
L4-SUP	16	128	8	0		晚饭	wǎnfàn	S	cena	吃晚饭|做晚饭
L4-SUP	16	128	9	0		睡觉	shuìjiào	VO	dormir; acostarse	几点睡觉|去睡觉
L4-SUP	16	128	10	0		听力	tīnglì	S	audición	汉语听力|练习听力
L4-SUP	16	128	11	0		文学	wénxué	S	literatura	文学课|学习文学
L4-SUP	16	128	12	0		历史	lìshǐ	S	historia	历史课|学习历史
L4-SUP	16	128	13	0		语言	yǔyán	S	idioma	学习语言|说什么语（言）
L4-SUP	16	128	14	0		经济	jīngjì	S	ciencias económicas; economía	经济课|学习经济
L4-SUP	16	128	15	0		文化	wénhuà	S	cultura	文化课|学习文化|中国文化
L4-SUP	16	128	16	0		容易	róngyì	Adj.	fácil	很容易|不容易
L4-SUP	16	128	17	0		难	nán	Adj.	difícil	很难|不难
