source_id	pdf_page	row	hanzi	pinyin_source	radical_source	strokes_source	structure_source
SRC-HANZI-04-1	1	1	分	fēn	八	4	上下
SRC-HANZI-04-1	1	2	点	diǎn	灬	9	上下
SRC-HANZI-04-1	1	3	刻	kè	刂	8	左右
SRC-HANZI-04-1	1	4	半	bàn	丶	5	独体
SRC-HANZI-04-1	1	5	差	chā	⺶	9	半包围
SRC-HANZI-04-1	1	6	明	míng	日	8	左右
SRC-HANZI-04-1	1	7	天	tiān	一	4	独体
SRC-HANZI-04-1	1	8	多	duō	夕	6	上下
SRC-HANZI-04-1	1	9	少	shǎo	小	4	独体
SRC-HANZI-04-1	1	10	特	tè	牜	10	左右
SRC-HANZI-04-1	2	1	别	bié	刂	7	左右
SRC-HANZI-04-1	2	2	上	shàng	⺊	3	独体
SRC-HANZI-04-1	2	3	午	wǔ	丿	4	独体
SRC-HANZI-04-1	2	4	下	xià	一	3	独体
SRC-HANZI-04-1	2	5	午	wǔ	丿	4	独体
SRC-HANZI-04-1	2	6	语	yǔ	讠	9	左右
SRC-HANZI-04-1	2	7	法	fǎ	氵	8	左右
SRC-HANZI-04-1	2	8	汉	hàn	氵	5	左右
SRC-HANZI-04-1	2	9	字	zì	宀	6	上下
SRC-HANZI-04-1	2	10	口	kǒu	口	3	独体
SRC-HANZI-04-1	3	1	语	yǔ	讠	9	左右
SRC-HANZI-04-1	3	2	累	lèi	田	11	上下
SRC-HANZI-04-1	3	3	对	duì	又	5	左右
SRC-HANZI-04-1	3	4	时	shí	日	7	左右
SRC-HANZI-04-1	3	5	间	jiān	门	7	半包围
SRC-HANZI-04-1	3	6	电	diàn	丨	5	独体
SRC-HANZI-04-1	3	7	影	yǐng	彡	15	左右
SRC-HANZI-04-1	3	8	一	yī	一	1	独体
SRC-HANZI-04-1	3	9	起	qǐ	走	10	半包围
SRC-HANZI-04-1	3	10	去	qù	土	5	上下
SRC-HANZI-04-1	4	1	恐	kǒng	心	10	上下
SRC-HANZI-04-1	4	2	怕	pà	忄	8	左右
SRC-HANZI-04-1	4	3	行	xíng	彳	6	左右
SRC-HANZI-04-1	4	4	练	liàn	纟	8	左右
SRC-HANZI-04-1	4	5	习	xí	乛	3	独体
SRC-HANZI-04-2	1	1	现	xiàn	王	8	左右
SRC-HANZI-04-2	1	2	在	zài	土	6	半包围
SRC-HANZI-04-2	1	3	差	chā	⺶	9	半包围
SRC-HANZI-04-2	1	4	分	fēn	八	4	上下
SRC-HANZI-04-2	1	5	回	huí	囗	6	全包围
SRC-HANZI-04-2	1	6	去	qù	土	5	上下
SRC-HANZI-04-2	1	7	来	lái	一	7	独体
SRC-HANZI-04-2	1	8	学	xué	子	8	上下
SRC-HANZI-04-2	1	9	校	xiào	木	10	左右
SRC-HANZI-04-2	1	10	班	bān	王	10	左中右
SRC-HANZI-04-2	2	1	活	huó	氵	9	左右
SRC-HANZI-04-2	2	2	动	dòng	力	6	左右
SRC-HANZI-04-2	2	3	听	tīng	口	7	左右
SRC-HANZI-04-2	2	4	说	shuō	讠	9	左右
SRC-HANZI-04-2	2	5	女	nǚ	女	3	独体
SRC-HANZI-04-2	2	6	生	shēng	生	5	独体
SRC-HANZI-04-2	2	7	男	nán	田	7	上下
SRC-HANZI-04-2	2	8	生	shēng	生	5	独体
SRC-HANZI-04-2	2	9	只	zhī	口	5	上下
SRC-HANZI-04-2	2	10	多	duō	夕	6	上下
SRC-HANZI-04-2	3	1	少	shǎo	小	4	独体
SRC-HANZI-04-2	3	2	有	yǒu	冃	6	半包围
SRC-HANZI-04-2	3	3	意	yì	音	13	上下
SRC-HANZI-04-2	3	4	思	sī	田	9	上下
SRC-HANZI-04-2	3	5	学	xué	子	8	上下
SRC-HANZI-04-2	3	6	生	shēng	生	5	独体
SRC-HANZI-04-2	3	7	来	lái	一	7	独体
SRC-HANZI-04-2	3	8	专	zhuān	一	4	独体
SRC-HANZI-04-2	3	9	业	yè	业	5	独体
SRC-HANZI-04-2	3	10	主	zhǔ	亠	5	独体
SRC-HANZI-04-2	4	1	意	yì	音	13	上下
