hanzi	profile	scene	avoid	shared_key	assembly
们	structured	Una persona adulta ficticia de cuerpo completo y aspecto cotidiano, como elemento fotográfico individual que pueda reutilizarse en un grupo.	El plural humano lo determina la construcción; no escribir sufijos ni confundir plural con un número fijo.	plural-person-element	Componer contraste entre una persona y un grupo; la aplicación añade la forma lingüística. No usar como prueba de imagen aislada.
和	structured	Dos elementos separados sobre alfa: un cuenco de arroz cocido y un cuenco de fideos, ambos reales y reconocibles, sin símbolos entre ellos.	No presentar alternativa de elección ni destacar un alimento sobre el otro; no generar signo más o texto.	and-food-elements	Unir ambos referentes como coexistentes; conjunción y ejemplo se renderizan fuera de la imagen. El conjunto por sí solo no identifica 和.
有	structured	Una mano adulta ficticia que sostiene un libro físico sencillo, junto a una versión de esa mano vacía como elemento separado, sin texto.	No confundir poseer con querer o recibir; la ausencia no debe parecer un fallo de carga.	possession-elements	Componer contraste posesión/ausencia con referentes idénticos. Indicar el caso estudiado mediante texto real del ejemplo, no letras generadas.
没有	structured	Una mano adulta ficticia que sostiene un libro físico sencillo, junto a una versión de esa mano vacía como elemento separado, sin texto.	No convertir ausencia en una prohibición; no dibujar una cruz roja como definición única.	possession-elements	Usar el lado de ausencia del contraste, manteniendo el mismo objeto que en 有. No alterar el predicado documental.
几	structured	Una única ficha de conteo de madera lisa y redondeada, con volumen real y sin marcas, fotografiada como elemento aislado completo.	No producir una cantidad aleatoria ni añadir signo de pregunta; la pregunta debe permanecer sin respuesta inventada.	counting-unit	Repetir una cantidad controlada adecuada al ejemplo de 几 y mantener la interrogación en texto. No sustituir por 多少 sin contexto.
多少	structured	Una única ficha de conteo de madera lisa y redondeada, con volumen real y sin marcas, fotografiada como elemento aislado completo.	Una cantidad visible no distingue 多少 de 几; no responder automáticamente al ejercicio.	counting-unit	Preparar un conjunto controlado según la frase y su pregunta de cantidad. La forma interrogativa la añade la aplicación.
口	structured	Tres recortes fotográficos separados de familiares ficticios: una madre, un padre y una hija, con ropa cotidiana y expresiones naturales.	No boca, labios o dientes para el clasificador familiar; no asumir que los retratos aislados prueban parentesco.	family-count-elements	Componer la cantidad exacta de integrantes que indique el ejemplo, con relación familiar explícita. Verificar cantidad y no convertirlo en quiz de imagen aislada.
一共	structured	Una única ficha de conteo de madera lisa y redondeada, con volumen real y sin marcas, fotografiada como elemento aislado completo.	No generar sumas, números o totales a ojo; el cálculo se realiza con datos controlados.	counting-unit	Componer dos grupos y su unión; verificar que el total coincide con las partes. La aplicación expresa en total en su oración.
个	structured	Una manzana real completa y una persona adulta ficticia como dos elementos separados, sin textos o símbolos.	No presentar un objeto como definición universal del clasificador; seleccionar solo combinaciones válidas del corpus.	general-classifier-elements	Seleccionar un referente adecuado al ejemplo con 个 y repetirlo con cantidad exacta; nunca adjudicar este clasificador automáticamente a cualquier objeto.
两	structured	Una única ficha de conteo de madera lisa y redondeada, con volumen real y sin marcas, fotografiada como elemento aislado completo.	La foto de dos unidades no distingue 两 de 二; el clasificador y la construcción son obligatorios.	counting-unit	Duplicar exactamente dos veces y acompañar de una construcción documentada con clasificador; mantener distinto el ejercicio numeral de 二.
张	structured	Una fotografía impresa, una tarjeta lisa y una hoja de papel como elementos separados, cada uno con grosor y bordes físicos reales, sin letras.	No apellido Zhang ni una mano extendida como significado; no inventar documentos personales.	flat-object-elements	Escoger el objeto plano de la frase y la cantidad exacta; conservar el clasificador como texto real externo a la imagen.
今年	structured	Una página de calendario de papel completamente en blanco con una pequeña pestaña física lisa separada, materiales realistas y sin fechas.	No fijar el año actual a 2026 ni al año de generación; no fechas inventadas.	calendar-elements	Construir una secuencia de años relativa a un año de referencia explícito y seleccionar el año central; textos calculados determinísticamente.
年	structured	Una página de calendario de papel completamente en blanco con una pequeña pestaña física lisa separada, materiales realistas y sin fechas.	No celebración o animal zodiacal como equivalencia de año; no calendario inventado.	calendar-elements	Representar una unidad anual con meses o referencia temporal añadidos por composición controlada, sin fecha fija.
岁	structured	Una vela de cumpleaños sencilla sin encender y una pequeña base de pastel neutro como elementos separados, con materiales reales y sin números.	No deducir edad de apariencia o de velas generadas aleatoriamente; no confundir con año del calendario.	age-elements	Usar edad y cantidad controladas solo cuando el ejemplo las indique; textos y repeticiones se componen después.
今天	structured	Una página de calendario de papel completamente en blanco con una pequeña pestaña física lisa separada, materiales realistas y sin fechas.	No sol, clima o fecha fija como hoy; la referencia debe poder cambiar sin regenerar la imagen.	calendar-elements	Representar tres días relativos y seleccionar el día de referencia central. No incluir fechas personales ni texto generado.
天	structured	Una página de calendario de papel completamente en blanco con una pequeña pestaña física lisa separada, materiales realistas y sin fechas.	Día como unidad del curso, no cielo o clima; no ambigüedad resuelta inventando una acepción.	calendar-elements	Componer una unidad de día dentro de una secuencia temporal contextual; las etiquetas reales quedan fuera del generador.
杯	structured	Una taza sencilla y un vaso transparente vacíos como elementos separados, completos, con materiales cotidianos realistas.	No exigir el clasificador a partir del recipiente solo; no añadir líquidos incompatibles con el ejemplo.	cup-measure-elements	Seleccionar taza o vaso y bebida del enunciado; componer número exacto y expresión con 杯 externamente.
一点儿	structured	Un cuenco transparente vacío y otro idéntico con una pequeña porción visible de arroz cocido, como dos elementos recortados.	Pequeña cantidad, no tamaño del recipiente; no tratar un poco de idioma como arroz literal.	a-little-elements	Usar la comparación solo con un sentido cuantificable compatible; para capacidad lingüística mantener apoyo contextual, nunca una equivalencia literal.
只	structured	Un gato doméstico adulto completo y un perro doméstico adulto completo como dos elementos recortados separados, ambos tranquilos y realistas.	Clasificador de animales zhī, no adverbio solo; no número de animales decidido por el modelo.	animal-classifier-elements	Reutilizar preferentemente los animales ya aprobados, repetir exactamente según 一只猫 o 三只狗 y añadir el clasificador como texto real externo.
现在	structured	Un reloj físico de escritorio con esfera lisa sin números ni agujas y una pequeña ficha de posición separada, realismo de materiales.	Un reloj no define ahora; no hora falsa ni instante fijo dentro del recurso.	now-elements	Componer un punto presente respecto de antes/después; cualquier hora debe proceder de la tarea y no del generador.
工作日	structured	Una página de calendario de papel completamente en blanco con una pequeña pestaña física lisa separada, materiales realistas y sin fechas.	No imponer lunes a viernes como calendario universal; evitar marcas de festivos no verificadas.	calendar-elements	Señalar días laborales según un calendario de ejemplo explícito y su contexto, con marcas añadidas de forma determinista.
前年	structured	Una página de calendario de papel completamente en blanco con una pequeña pestaña física lisa separada, materiales realistas y sin fechas.	No año absoluto fijo ni escena histórica como sustituto.	calendar-elements	En una secuencia de cinco años relativa a uno central, seleccionar el desplazamiento -2. Las etiquetas se calculan con la referencia de estudio.
去年	structured	Una página de calendario de papel completamente en blanco con una pequeña pestaña física lisa separada, materiales realistas y sin fechas.	No año fijo ni fotografía envejecida para significar año pasado.	calendar-elements	Seleccionar el desplazamiento -1 respecto del año de referencia dentro de una secuencia controlada.
明年	structured	Una página de calendario de papel completamente en blanco con una pequeña pestaña física lisa separada, materiales realistas y sin fechas.	No paisaje futurista ni año fijo.	calendar-elements	Seleccionar el desplazamiento +1 respecto del año de referencia, con etiquetas calculadas externamente.
后年	structured	Una página de calendario de papel completamente en blanco con una pequeña pestaña física lisa separada, materiales realistas y sin fechas.	No confundir con mañana ni cambiar el pinyin documental en esta tarea.	calendar-elements	Seleccionar el desplazamiento +2 respecto del año de referencia dentro de cinco unidades controladas.
年龄	structured	Una vela de cumpleaños sencilla sin encender y una pequeña base de pastel neutro como elementos separados, con materiales reales y sin números.	No asignar edad a una cara ni inferir cifra por arrugas; no diferencia visual artificial frente a 岁数.	age-elements	Representar edad únicamente con el dato del ejemplo, diferenciándola del año de calendario; ninguna edad personal se inventa.
岁数	structured	Una vela de cumpleaños sencilla sin encender y una pequeña base de pastel neutro como elementos separados, con materiales reales y sin números.	Comparte concepto con 年龄; no inventar una distinción visual ni número exacto.	age-elements	Reutilizar el apoyo de edad con el enunciado de esta entrada; datos y etiquetas reales mediante composición posterior.
昨天	structured	Una página de calendario de papel completamente en blanco con una pequeña pestaña física lisa separada, materiales realistas y sin fechas.	No sepia, sombra nocturna o tiempo atmosférico como significado de ayer.	calendar-elements	Seleccionar el desplazamiento -1 en una secuencia de días relativa al día de referencia.
明天	structured	Una página de calendario de papel completamente en blanco con una pequeña pestaña física lisa separada, materiales realistas y sin fechas.	No confundir mañana temporal con la franja matinal; no fecha fija.	calendar-elements	Seleccionar el desplazamiento +1 en una secuencia de días relativa al día de referencia.
系	structured	Una maqueta arquitectónica neutra de un edificio académico y tres módulos menores separados, todos sin rótulos y con apariencia material real.	Departamento universitario, no atar ni sistema genérico; no inventar nombres de facultades.	university-department-elements	Componer la relación universidad y departamentos usando estructura válida del ejemplo; textos y conexiones se añaden controladamente.
本	structured	Un libro físico completo de cubierta lisa y páginas visibles, sin título, ilustrado como objeto recortado reutilizable.	No árbol o raíz por el carácter; una foto de libro sola corresponde al sustantivo, no al clasificador.	book-classifier-element	Repetir el libro en cantidad exacta según el ejemplo con 本; clasificador y frase se muestran como texto real.
一	structured	Una única ficha de conteo de madera lisa y redondeada, con volumen real y sin marcas, fotografiada como elemento aislado completo.	No dos fichas, números ni texto; el nombre del objeto no debe convertirse en respuesta exigida.	counting-unit	Usar exactamente 1 unidad, validar el conteo y contextualizar el numeral fuera de la imagen.
二	structured	Una única ficha de conteo de madera lisa y redondeada, con volumen real y sin marcas, fotografiada como elemento aislado completo.	Dos objetos no distinguen 二 de 两; no confiar el conteo al modelo.	counting-unit	Duplicar exactamente 2 unidades; usar tarea numeral documentada, no imponer 二 en una construcción que requiere 两.
三	structured	Una única ficha de conteo de madera lisa y redondeada, con volumen real y sin marcas, fotografiada como elemento aislado completo.	No pedir al modelo que dibuje varias cantidades simultáneamente.	counting-unit	Componer exactamente 3 copias y verificar el total.
四	structured	Una única ficha de conteo de madera lisa y redondeada, con volumen real y sin marcas, fotografiada como elemento aislado completo.	Sin número impreso ni cuatro objetos dibujados de forma no verificable.	counting-unit	Componer exactamente 4 copias y verificar el total.
五	structured	Una única ficha de conteo de madera lisa y redondeada, con volumen real y sin marcas, fotografiada como elemento aislado completo.	No dedos de manos generadas como único mecanismo de conteo.	counting-unit	Componer exactamente 5 copias, agrupadas con claridad y conteo verificable.
六	structured	Una única ficha de conteo de madera lisa y redondeada, con volumen real y sin marcas, fotografiada como elemento aislado completo.	No cantidad aproximada ni cifras generadas.	counting-unit	Componer exactamente 6 copias y verificar el total.
七	structured	Una única ficha de conteo de madera lisa y redondeada, con volumen real y sin marcas, fotografiada como elemento aislado completo.	No cantidad aproximada ni símbolos numéricos añadidos por IA.	counting-unit	Componer exactamente 7 copias y verificar el total.
八	structured	Una única ficha de conteo de madera lisa y redondeada, con volumen real y sin marcas, fotografiada como elemento aislado completo.	No figuras que sugieran otra cantidad por solapamiento.	counting-unit	Componer exactamente 8 copias sin ocultar unidades y verificar el total.
九	structured	Una única ficha de conteo de madera lisa y redondeada, con volumen real y sin marcas, fotografiada como elemento aislado completo.	No fichas extra parcialmente cortadas.	counting-unit	Componer exactamente 9 copias y verificar el total.
十	structured	Una única ficha de conteo de madera lisa y redondeada, con volumen real y sin marcas, fotografiada como elemento aislado completo.	No decena aproximada ni etiqueta numérica inventada.	counting-unit	Componer un grupo de exactamente 10 unidades y conservar su conteo verificable.
百	structured	Una única ficha de conteo de madera lisa y redondeada, con volumen real y sin marcas, fotografiada como elemento aislado completo.	No intentar que la IA produzca cien objetos correctos de una vez ni saturar una foto.	counting-unit	Componer 10 grupos de 10 de forma determinista o una representación de centena validada; el valor se explica con texto real.
千	structured	Una única ficha de conteo de madera lisa y redondeada, con volumen real y sin marcas, fotografiada como elemento aislado completo.	No pedir mil objetos generados ni una multitud como sustituto de mil.	counting-unit	Usar agrupación decimal controlada de 10 centenas y representación abstracta validada; no fotografía densa de mil piezas.
二十	structured	Una única ficha de conteo de madera lisa y redondeada, con volumen real y sin marcas, fotografiada como elemento aislado completo.	No reloj o edad de persona como definición del número.	counting-unit	Componer 2 grupos exactos de 10 unidades y comprobar 20 en total.
三十	structured	Una única ficha de conteo de madera lisa y redondeada, con volumen real y sin marcas, fotografiada como elemento aislado completo.	No inferir treinta años de un rostro.	counting-unit	Componer 3 grupos exactos de 10 unidades y comprobar 30 en total.
二十五	structured	Una única ficha de conteo de madera lisa y redondeada, con volumen real y sin marcas, fotografiada como elemento aislado completo.	No una persona que parezca de cierta edad ni número pintado por IA.	counting-unit	Componer 2 decenas y 5 unidades; verificar 25 en total.
七十五	structured	Una única ficha de conteo de madera lisa y redondeada, con volumen real y sin marcas, fotografiada como elemento aislado completo.	No persona anciana como imagen de setenta y cinco.	counting-unit	Componer 7 decenas y 5 unidades; verificar 75 en total sin unidades ocultas.
