hanzi	profile	scene	avoid	shared_key
好	context	Dos adultos ficticios conversan; uno responde con expresión tranquila de bienestar y gesto suave de conformidad, sin entusiasmo desproporcionado.	Bueno, bien y vale son usos distintos: seleccionar un ejemplo compatible, no una sonrisa como definición universal.	good-context
叫	context	Una persona adulta ficticia se presenta a otra señalándose el pecho, mientras la segunda escucha interesada; pequeño intercambio social cotidiano.	Representar llamarse, no gritar, telefonear o invocar a alguien; el nombre lo aporta el texto real del ejemplo.	introducing-name
请问	context	Una persona adulta solicita amablemente atención a otra antes de preguntar, con mano abierta, ligera inclinación y expresión cortés, sin señales escritas.	No interrogatorio o saludo genérico como significado único; la cortesía está en la frase.	polite-question
请	context	Una persona adulta invita cortésmente a otra a sentarse en una silla sencilla, indicando el asiento con mano abierta y gesto acogedor.	Solo apoyar el uso de invitación del ejemplo; no afirmar que todas las apariciones de por favor implican sentarse.	please-invitation
什么	context	Una persona adulta pregunta a otra por el contenido de dos objetos cotidianos cercanos, mirando el referente y extendiendo una mano interrogativa.	Sin signo de pregunta ni etiqueta; la escena no distingue qué de cuál sin la oración.	what-context
名字	context	Una persona adulta ficticia se presenta a otra señalándose el pecho, mientras la segunda escucha interesada; pequeño intercambio social cotidiano.	No tarjeta con nombre inventado ni retrato que supuestamente identifique un nombre.	introducing-name
姓	context	Dos adultos ficticios intercambian una presentación formal con una tarjeta totalmente en blanco sostenida entre ambos.	No escribir nombres; distinguir apellido de nombre de pila mediante el enunciado, no la imagen.	surname-introduction
很	context	Una persona expresa alegría clara pero natural al escuchar a su interlocutor, con sonrisa espontánea y manos relajadas.	La intensidad depende de la frase; no usar un medidor dibujado ni convertir muy en sonrisa.	degree-happy-context
也	context	Dos adultos ficticios participan sucesivamente en la misma acción sencilla de estudiar, cada uno con un libro, mientras uno indica que comparte la actividad del otro.	La coincidencia necesita dos proposiciones; no usarla para exigir también frente a todos.	also-context
在	context	Una persona adulta permanece visible junto a una silla y marco de puerta sencillos, mientras otra pregunta por su presencia.	Apoya estar o presencia; no mezclar con todos los usos aspectuales de 在 ni dibujar la palabra.	presence-context
最近	context	La misma persona adulta aparece en una pequeña secuencia de actividades recientes de estudio, trabajo y descanso; unidades separables sin rótulos o fechas.	El periodo reciente se establece fuera del recurso; no inventar una fecha fija ni confundir con ahora.	recent-context
怎么样	context	Dos adultos ficticios conversan; uno pregunta con atención y el otro responde con un gesto moderado sobre cómo se siente.	No una emoción extrema como respuesta única; el recurso apoya preguntar por estado o valoración.	how-context
太	context	Una persona adulta muestra estar excesivamente ocupada al intentar atender varias tareas sencillas a la vez, con expresión de sobrecarga moderada y objetos plausibles.	El exceso depende del ejemplo; no dolor ni tamaño físico como equivalencia de demasiado.	excess-busy-context
还行	context	Una persona adulta responde a otra con gesto de valoración intermedia: mano horizontal movida ligeramente y expresión de aceptación moderada, sin disgusto extremo.	La imagen no distingue expresiones equivalentes de regular o más o menos; usar el enunciado.	so-so-context
马马虎虎	context	Una persona adulta responde a otra con gesto de valoración intermedia: mano horizontal movida ligeramente y expresión de aceptación moderada, sin disgusto extremo.	No caballos ni tigres: es una expresión idiomática. No exigir esta forma frente a 还行 mediante la misma imagen.	so-so-context
早	context	Una persona llega a una cita antes que otra, junto a una silla vacía y reloj de esfera lisa para una referencia posterior.	Temprano no equivale siempre a amanecer; las horas o el saludo deben establecerse con el contexto real.	early-context
是	context	Una persona presenta a otra indicando con mano abierta quién es, mientras un tercero escucha; recorte limpio sin nombres escritos.	La cópula no tiene objeto propio: una presentación acompaña una frase y no define todos sus usos.	identification-context
刚	context	Una persona recién llegada deja su maleta en el suelo junto a otra que la recibe; un gesto de transición sugiere llegada reciente.	El instante reciente necesita apoyo de la frase; no cuantificar minutos ni confundir con la acción de llegar solamente.	just-arrived-context
贵姓	context	Dos adultos ficticios intercambian una presentación formal con una tarjeta totalmente en blanco sostenida entre ambos.	Apellido respetuoso, no caro: no dinero, joyas, precios ni datos personales.	surname-introduction
哪	context	Una persona adulta observa dos tarjetas u objetos semejantes y pide al interlocutor identificar uno mediante mano abierta.	Sin flecha que resuelva la respuesta; la frase distingue cuál de qué y de cuántos.	which-context
汉语	context	Dos adultos ficticios practican una lengua con un libro sin texto legible y audífonos sobre una pequeña mesa; uno habla y el otro escucha.	No bandera ni apariencia como idioma; el contenido lingüístico de la aplicación identifica mandarín.	language-learning
都	context	Un grupo pequeño de adultos ficticios participa en la misma actividad de estudiar, todos atentos con un libro, sin una persona excluida.	La totalidad se interpreta dentro de una proposición; no confundir con también o con un número exacto.	all-context
要	context	Una persona adulta indica cortésmente a quien la atiende la bebida que desea entre una taza y un vaso, todavía sin recibirla.	Deseo o pedido no equivale a poseer o beber; no añadir precios o marcas.	want-order-context
还	context	Una persona muestra un libro y después añade otro objeto de estudio a su conjunto, con gesto de incorporación visible.	Representar adición en contexto, no devolver ni otro sentido homógrafo de 还.	additional-context
贝贝	context	Un perro pequeño ficticio está cerca de una persona que lo presenta afectuosamente a su interlocutor.	Ilustración editorial de una mascota, no retrato documentado de Beibei; una imagen no permite inferir su nombre.	pet-name-context
真	context	Una persona mira con admiración una fotografía impresa que sostiene otra, con reacción espontánea de sorpresa agradable; la fotografía muestra un paisaje bello sencillo.	La imagen acompaña el elogio del ejemplo sobre una foto, no representa literalmente realmente ni autentica una fotografía.	truly-beautiful-context
晚	context	Una persona adulta llega después de que otra ya haya empezado una actividad, con reloj de esfera lisa para una referencia temporal añadida después.	Tarde relativo, no necesariamente la franja de la tarde o la noche; no horas generadas.	late-context
英语	context	Dos adultos ficticios practican una lengua con un libro sin texto legible y audífonos sobre una pequeña mesa; uno habla y el otro escucha.	La lengua inglesa la identifica el enunciado o audio, no bandera o cara del hablante.	language-learning
先生	context	Dos adultos ficticios mantienen una conversación formal cordial, con postura respetuosa y vestimenta cotidiana cuidada.	No inferir señor, caballero o marido de un rostro; elegir el sentido documental mediante la frase.	formal-address-context
太太	context	Dos adultos ficticios mantienen una conversación formal cordial, con postura respetuosa y vestimenta cotidiana cuidada.	No deducir esposa o estado civil por ropa o anillo; el tratamiento debe quedar en el texto del ejemplo.	formal-address-context
干嘛	context	Una persona adulta pregunta a otra qué está haciendo mientras observa su actividad manual sencilla sobre una mesa mínima.	No exigir esta fórmula coloquial frente a otras preguntas visualmente equivalentes.	what-doing-context
干啥	context	Una persona adulta pregunta a otra qué está haciendo mientras observa su actividad manual sencilla sobre una mesa mínima.	La diferencia respecto de 干嘛 es lingüística, no visual; no inventar una acción distinta para distinguirlas.	what-doing-context
贵	context	Una persona considera un objeto cotidiano de aspecto elaborado y reacciona con sorpresa moderada ante una tarjeta de precio completamente en blanco.	Solo para la acepción caro; el precio se añade de forma controlada y no se aplica a 贵姓.	expensive-context
哪儿	context	Una persona consulta a otra una ubicación sobre un mapa plegado sin rótulos, con gesto interrogativo dirigido al lugar.	No marcar una respuesta inventada; dónde requiere enunciado y no se deduce del mapa solo.	where-context
老朋友	context	Dos amigos adultos ficticios se reencuentran con calidez mientras sostienen una fotografía antigua de ellos mismos en una etapa anterior, sin texto.	Antigüedad de amistad, no amigos necesariamente ancianos; fotografía interior ficticia y no dato documental del libro.	longtime-friends
语言	context	Dos adultos ficticios practican una lengua con un libro sin texto legible y audífonos sobre una pequeña mesa; uno habla y el otro escucha.	Apoya lenguaje como actividad, no identifica un sistema lingüístico sin el contenido verbal.	language-learning
中文	context	Dos adultos ficticios practican una lengua con un libro sin texto legible y audífonos sobre una pequeña mesa; uno habla y el otro escucha.	No bandera o decoración de caracteres; comparte referente con 汉语 en el curso y requiere texto real externo.	language-learning
法语	context	Dos adultos ficticios practican una lengua con un libro sin texto legible y audífonos sobre una pequeña mesa; uno habla y el otro escucha.	No Torre Eiffel o bandera como definición de francés; la frase o el audio identifican la lengua.	language-learning
德语	context	Dos adultos ficticios practican una lengua con un libro sin texto legible y audífonos sobre una pequeña mesa; uno habla y el otro escucha.	No bandera, traje o aspecto personal para identificar alemán; usar contexto lingüístico.	language-learning
俄语	context	Dos adultos ficticios practican una lengua con un libro sin texto legible y audífonos sobre una pequeña mesa; uno habla y el otro escucha.	No ciudad o bandera como equivalencia del idioma ruso; requiere texto o audio externo.	language-learning
日语	context	Dos adultos ficticios practican una lengua con un libro sin texto legible y audífonos sobre una pequeña mesa; uno habla y el otro escucha.	No apariencia de los hablantes ni bandera; distinguir la lengua mediante el enunciado real.	language-learning
西班牙语	context	Dos adultos ficticios practican una lengua con un libro sin texto legible y audífonos sobre una pequeña mesa; uno habla y el otro escucha.	No reducir español a España ni a una bandera; la lengua tiene que identificarse lingüísticamente.	language-learning
韩语	context	Dos adultos ficticios practican una lengua con un libro sin texto legible y audífonos sobre una pequeña mesa; uno habla y el otro escucha.	No identificar coreano por apariencia o bandera; no generar escritura falsa para explicarlo.	language-learning
意大利语	context	Dos adultos ficticios practican una lengua con un libro sin texto legible y audífonos sobre una pequeña mesa; uno habla y el otro escucha.	No pizza o monumento como definición de una lengua; requiere un ejemplo verbal.	language-learning
会	context	Una persona adulta demuestra con soltura cómo usar palillos a otra que aprende, gesto competente y objeto funcional visibles.	La acción ilustra una capacidad aprendida solo dentro de la frase; no distingue poder de hacer por sí misma.	ability-context
厉害	context	Una persona adulta observa con admiración a otra que resuelve hábilmente una tarea musical sencilla con un piano, sin espectáculo ni celebridad.	Elogio de habilidad, no peligro o amenaza; no inventar un personaje del libro.	impressive-context
普通话	context	Dos adultos ficticios practican una lengua con un libro sin texto legible y audífonos sobre una pequeña mesa; uno habla y el otro escucha.	La variedad estándar de mandarín no es visible; requiere contenido oral y lingüístico real.	language-learning
方言	context	Dos adultos ficticios conversan junto a un mapa plegado sin rótulos y un pequeño grabador, como apoyo a una conversación sobre variedades de lengua.	No inferir variedad regional por rostro; las muestras lingüísticas deben venir del contenido externo, no de la imagen.	dialect-context
外语	context	Dos adultos ficticios practican una lengua con un libro sin texto legible y audífonos sobre una pequeña mesa; uno habla y el otro escucha.	Extranjero es relativo al hablante; no identificar una lengua como universalmente extranjera.	language-learning
印加可乐	context	Un vaso de refresco amarillo dorado con burbujas reales y botella lisa sin marca al lado, como apoyo del ejemplo de bebida.	El líquido amarillo no autentica Inca Kola. No inventar su logotipo: usar solo contexto textual o futura referencia autorizada de envase real.	inca-cola-context
有意思	context	Una persona adulta examina con curiosidad una fotografía o un objeto curioso sencillo mientras conversa con otra, atención visible y sorpresa moderada.	Interesante es una valoración contextual; no obligar a identificarla mediante un rostro sorprendido.	interesting-context
多大	context	Dos adultos ficticios conversan sobre la edad de un familiar mostrado en una fotografía pequeña, con gesto de pregunta y sin números visibles.	La imagen no revela una edad; elegir el sentido de edad o tamaño según la frase, sin inventar una respuesta.	age-question-context
英语课	context	Una docente y dos estudiantes adultos practican conversación con libros sin letras y audífonos sobre una mesa mínima, claramente en una actividad de enseñanza.	La asignatura inglés no se deduce de rostros o banderas; la establece el contexto real fuera de la imagen.	language-class
汉语课	context	Una docente y dos estudiantes adultos practican conversación con libros sin letras y audífonos sobre una mesa mínima, claramente en una actividad de enseñanza.	La asignatura chino no se deduce de la apariencia del docente ni de escritura falsa; la aporta la aplicación.	language-class
约翰	context	Un perro doméstico ficticio está junto a la persona que lo presenta cariñosamente a otra, animal completo y expresión tranquila.	John es una mascota en la lectura; no generar un hombre ni afirmar que este sea el aspecto documental del perro.	john-dog-context
有名	context	Una persona ficticia presenta a un pequeño grupo una maqueta de un edificio universitario sin rótulos, que despierta reconocimiento e interés.	La fama es conocimiento social, no una propiedad visible; no retratos de celebridades o marcas como respuesta.	famous-context
哪一个	context	Una persona adulta observa dos tarjetas u objetos semejantes y pide al interlocutor identificar uno mediante mano abierta.	No resolver automáticamente cuál; la pregunta y selección singular se establecen con el ejemplo.	which-context
可是	context	Una persona muestra gusto por un plato y rechazo moderado por otro en una pequeña comparación de dos momentos, sin símbolos ni palabras.	El contraste necesita dos proposiciones; no convertir un gesto de rechazo en la conjunción pero.	but-context
早上好	context	Dos adultos ficticios se encuentran y saludan al comenzar su jornada, con una taza y un reloj de esfera lisa como apoyos secundarios.	Saludo y franja horaria se establecen mediante contexto; no sol o amanecer que sustituya la expresión.	morning-greeting
上午好	context	Dos adultos ficticios se encuentran y saludan al comenzar su jornada, con una taza y un reloj de esfera lisa como apoyos secundarios.	No crear una distinción visual artificial frente a 早上好; la hora y forma lingüística son externas.	morning-greeting
下午好	context	Dos adultos ficticios se encuentran y se saludan junto a sus objetos de trabajo y un reloj liso para una referencia posterior de tarde.	No hora pintada ni luz cálida como prueba; tiene que verse saludo, no despedida.	afternoon-greeting
晚上好	context	Dos adultos ficticios se saludan al encontrarse junto a una lámpara de mesa encendida, en una escena calmada sin dormitorio.	Saludo de encuentro nocturno, no despedida para dormir ni fondo negro opaco.	evening-greeting
刚到	context	Una persona recién llegada deja su maleta en el suelo junto a otra que la recibe; un gesto de transición sugiere llegada reciente.	El componente reciente se expresa con el ejemplo, no una marca temporal inventada.	just-arrived-context
这是	context	Una hablante adulta sostiene cerca un libro y lo muestra a su interlocutor con mano abierta, realizando una identificación de un objeto presente.	Sin nombre escrito en el libro; la construcción necesita su complemento real y no se resuelve con gesto aislado.	this-is-context
那是	context	Una hablante adulta señala un objeto alejado de ella y lo identifica para su interlocutor, manteniendo a ambos y al referente visibles.	No confundir con aquí ni con un objeto cercano; el predicado nominal lo aporta la frase.	that-is-context
您贵姓	context	Dos adultos ficticios intercambian una presentación formal con una tarjeta totalmente en blanco sostenida entre ambos.	No escribir un apellido inventado ni inferir tratamiento por edad; pregunta textual necesaria.	surname-introduction
哪国人	context	Dos adultos ficticios conversan sobre procedencia junto a un mapa sin etiquetas; uno pregunta con gesto amable y el otro escucha.	No bandera que responda por anticipado ni deducir nacionalidad de apariencia.	nationality-question-context
可以	context	Una persona solicita permiso para usar una silla o libro y otra acepta con mano abierta y gesto de autorización tranquila.	El permiso se explica en el enunciado; no confundir automáticamente con capacidad aprendida o valoración positiva.	permission-context
死	context	Una persona adulta ficticia se deja caer suavemente en una silla tras una jornada agotadora, hombros relajados y expresión de gran cansancio, sin lesión.	En este uso intensifica cansancio: no muerte, violencia, cadáver, peligro ni escena médica.	extreme-tired-context
一下	context	Una persona pide brevemente la atención de otra mediante gesto suave de mano mientras la segunda pausa su actividad.	Brevedad o atenuación requieren frase; no reloj con un segundo exacto o cantidad uno como equivalente.	brief-request-context
孔子学院	context	Dos adultos ficticios participan en una clase de mandarín con docente y libros sin letras visibles, ambiente reducido a los sujetos y una mesa mínima.	No inventar fachada, logo o identidad del Instituto Confucio; usar el nombre documentado externamente.	language-class
上	context	Una persona adulta se incorpora a una pequeña actividad de clase, con docente y estudiante visibles y libro abierto sin letras.	Asistir a clase en este registro; no flecha hacia arriba, cima o piso superior.	taking-class-context
